surname,candidates
abbasi,Abdul Majid Abbasi | Ahsan Abbasi | Muhammad Abbasi | Nasir Abbasi | Waqar Abbasi | Z Abbasi
abdulla,Iqbal Abdulla | M Abdulla | Mabsar Abdulla | YA Abdulla
abeyratne,CH Abeyratne | L Abeyratne | Nisala Abeyratne
abeysinghe,AMCD Abeysinghe | L Abeysinghe | Lakvin Abeysinghe
aboagye,IKO Aboagye | M Aboagye
adair,GR Adair | HRD Adair | MR Adair
adam,L Adam | Umar Adam
adams,AR Adams | FD Adams | G Adams | GL Adams | GR Adams | JHK Adams | MQ Adams | PR Adams | SN Adams
adhikari,D Adhikari | Manoj Adhikari
agarwal,H Agarwal | Himalay Agarwal | Kashish Agarwal | MA Agarwal | PN Agarwal | SS Agarwal | Tanmay Agarwal
ahuja,Abhijeet Ahuja | Abhishek Ahuja | KS Ahuja | Suraj Ahuja
akram,BMR Akram | Chaudhary Akram | Faisal Akram | Huzaifa Akram | M Faraz Akram | Mahnoor Akram | Muhammad Akram | Najwa Akram | Qasim Akram | Waqas Akram | Wasim Akram
aldridge,GW Aldridge | Kasey Aldridge
altamirano,KO Altamirano | YJC Altamirano
amarasinghe,AMEM Amarasinghe | H Amarasinghe | R Amarasinghe | T Amarasinghe
amini,CJA Amini | CR Amini
an,Hyobum An | Na An
anand,Abhishek Anand | N Anand | Shashi Anand | Smriti Anand | Subramanian Anand | Surya Anand
anil,Akhil Anil | NM Anil
ansari,M Ansari | ZS Ansari | Zeeshan Ansari
arachchige,GSPR Arachchige | PUKK Arachchige | S Arachchige | SSD Arachchige | VRB Arachchige
arora,B Arora | M Arora | Puneet Arora | S Arora | Shubham Arora | VG Arora
arshad,Haroon Arshad | Saqlain Arshad | Shahid Arshad | U Arshad
ashraf,Aphsal Ashraf | Asim Ashraf | Faheem Ashraf | Imran Ashraf | MA Ashraf | Maryyam Ashraf | Mobashar Ashraf | Sarfaraz Ashraf | Usman Ashraf | Zeeshan Ashraf
asif,Bilal Asif | Faizan Asif | I Asif | KM Asif | Mohammad Asif | Muhammad Asif | Umaid Asif | Zain Asif
atkins,C Atkins | CMG Atkins | JA Atkins
atkinson,AAP Atkinson | GK Atkinson | JJ Atkinson
aung,H Lin Aung | HH Aung | Hein Zin Aung | Myat Thu Aung | SMHH Aung | TT Aung | Thuya Aung | YK Ko Aung
avery,R Avery | RMAM Avery
awasthi,A Awasthi | Prashant Awasthi
babu,Akash Babu | Alauddin Babu | K Babu
bah,C Bah | Ousman Bah
baig,Azan Baig | Diana Baig | MA Baig | MM Baig | Maliha Baig | Mirza Baig | Mirza Tahir Baig | Saad Baig | Salman Baig
balaji,Ashwini Balaji | L Balaji
bandara,A Bandara | D Bandara | HMCM Bandara | KMC Bandara | KNA Bandara | Kaveen Bandara | S Bandara
banks,L Banks | MJ Banks | OAC Banks
banner,AA Banner | GG Banner | Garret Banner | HH Banner | NN Banner | W Banner
barker,J Barker | KHD Barker | LJ Barker | TC Barker
barnett,BJ Barnett | GEF Barnett | L Barnett | S Barnett
baron,P Baron | SPY Baron
bartlett,DJ Bartlett | GA Bartlett | John Bartlett | OJS Bartlett | XC Bartlett
bascome,O Bascome | OGL Bascome | OO Bascome
bashir,Abdul Bashir | KE Bashir | Manan Bashir | Shoaib Bashir
bawa,MY Bawa | Mark Bawa | RA Bawa
beard,Aaron Beard | EF Beard | NB Beard
beer,MA Beer | WAT Beer
behera,Deepak Behera | Jayanta Behera | RR Behera
bell,GJ Bell | GT Bell | IR Bell | LK Bell | MD Bell | O Bell | SJD Bell | XE Bell
benn,Festus Benn | SJ Benn
bergh,FOE van den Bergh | NJ van den Bergh
berry,ARM Berry | M Berry
bhandari,Abhishek Bhandari | Akash Bhandari | B Bhandari | Karuna Bhandari | LS Bhandari | P Bhandari | S Bhandari | Subash Bhandari | TK Bhandari | TR Bhandari
bhati,PJ Bhati | Suboth Bhati
bhatia,M Bhatia | R Bhatia | RN Bhatia | Rachit Bhatia | T Bhatia | YH Bhatia
bhatt,BA Bhatt | RH Bhatt | Sachin Bhatt | Vaibhav Bhatt
bhatti,Adil Bhatti | Ahsan Bhatti | Bilawal Bhatti | Kashif Bhatti | RA Bhatti | U Bhatti
birch,ACR Birch | C Birch | RA Birch
birla,Nishunk Birla | UA Birla
bishnoi,A Bishnoi | Chaitanya Bishnoi | R Bishnoi | Ravi Bishnoi
bisht,AR Bisht | E Bisht | Harshit Bisht | Himanshu Bisht | Punit Bisht
bist,Chetan Bist | I Bist | Raghvi Bist | Robin Bist | S Bist | Y Bist
bohara,A Bohara | D Bohara | Deepak Bohara | Milan Bohara
bose,A Bose | Preeti Bose | RR Bose | U U Bose
boyce,CJ Boyce | GEB Boyce | MAG Boyce | R Boyce
boyle,C Boyle | JCT Boyle | MWT Boyle
bracewell,DAJ Bracewell | MG Bracewell
brar,Gurnoor Brar | Harpreet Brar | R Brar
broad,J Broad | SCJ Broad
brookes,EA Brookes | HJH Brookes | TF Brookes
brooks,JA Brooks | SSJ Brooks
browne,CO Browne | NJ Browne | NLJ Browne | PA Browne | S Browne
burgess,C Burgess | DE Burgess | MGK Burgess | Z Burgess
burke,EEL Burke | JE Burke | SK Burke
burrows,G Burrows | GD Burrows | JA Burrows | K Burrows | RSJ Burrows
burton,J Burton | M Burton | WAE Burton
cachopa,B Cachopa | Carl Cachopa | Craig Cachopa
cai,YH Cai | Yuanyuan Cai
campbell,A Campbell | ADR Campbell | F Campbell | G Campbell | J Campbell | JD Campbell | JOI Campbell | K Campbell | P Campbell | RJ Campbell | S Campbell
canning,A Canning | RCC Canning | TK Canning
carrington,S Carrington | Shai Carrington
carroll,J Carroll | JC Carroll | KED Carroll
carter,A Carter | C Carter | DEM Carter | JF Carter | JL Carter | LJ Carter | M Carter | NM Carter | OJ Carter | R Carter
chakraborty,AA Chakraborty | P Chakraborty | Supriyo Chakraborty
chambers,ARA Chambers | MA Chambers
chan,KY Chan | SYD Chan | Zhang Chan
chand,Aakash Chand | Anjali Chand | JV Chand | Rohit Chand | UBT Chand
chandila,A Chandila | Pramod Chandila
chase,PKD Chase | RL Chase
chathuranga,IAS Chathuranga | V Chathuranga
chaubey,A Chaubey | Shubham Chaubey
chawla,AB Chawla | Himanshu Chawla | PP Chawla
cheema,Aizaz Cheema | IK Cheema | MPS Cheema | Rizwan Cheema | SFS Cheema | Sajid Cheema | ZH Cheema
chetri,Hem Chetri | L Chetri
chettri,SK Chettri | Sabin Chettri
choden,N Choden | R Choden | S Choden | Tshering Choden | Y Choden
chohan,G Chohan | HA Chohan | JA Chohan | Khurram Chohan | S Chohan
chopra,A Chopra | AD Chopra | Amit Chopra | P Chopra | PG Chopra | R Chopra | RR Chopra | T Chopra | V Chopra
choudhary,A Choudhary | Akash Choudhary | Mukesh Choudhary | P Choudhary | Sameer Choudhary | Varun Choudhary
choudhry,SH Choudhry | Shahzeb Choudhry
choudhury,AA Choudhury | Gourav Choudhury
chu,MW Chu | TOW Chu
chudasama,AI Chudasama | Yuvraj Chudasama
clark,BJ Clark | G Clark | J Clark | SR Clark | TGR Clark | W Clark
clarke,A Clarke | F Clarke | G Clarke | JM Clarke | KD Clarke | KDC Clarke | M Clarke | MJ Clarke | Natalie Clarke | R Clarke | RA Clarke | S Clarke
claxton,D Claxton | JKC Claxton
coleman,FRJ Coleman | JR Coleman | LA Coleman
compton,BG Compton | NRD Compton
conway,DP Conway | HNA Conway
cooper,B Cooper | BN Cooper | CAR Cooper | HR Cooper | KK Cooper | T Cooper | TLW Cooper
coulibaly,B Coulibaly | M Coulibaly | Mohamed Coulibaly
cowan,EJM Cowan | MR Cowan
cumming,CD Cumming | JM Cumming | ZAJ Cumming
curtis,JL Curtis | SRH Curtis
d'souza,Ethan D'Souza | KC D'Souza | N D'souza | RL D'Souza | RM D'Souza | VS D'Souza
dagar,A Dagar | Karan Dagar | Mayank Dagar | RM Dagar
dahiya,PA Dahiya | Rohit Dahiya | Vritti Dahiya
darrell,DAP Darrell | JT Darrell
davidson,BJ Davidson | J Davidson | JJ Davidson | MSJ Davidson | O Davidson | V Athisayaraj Davidson
davies,AL Davies | FR Davies | GM Davies | JA Davies | JLB Davies | JM Davies | O Davies | P Davies | RC Davies | SM Davies
davis,Alice Davis | BR Davis | CAL Davis | DYA Davis | GK Davis | R Davis | Rosie Davis | WS Davis
dawood,Ali Dawood | J Dawood
dawson,AC Dawson | GJ Dawson | LA Dawson | RKJ Dawson
dayal,Ram Dayal | YP Dayal | Yash Dayal
debnath,BB Debnath | Pritam Debnath
desai,A Desai | Aarya Desai | Aman Desai | Amogh Desai | H Desai | HS Desai | JH Desai | PA Desai | Pratik Desai | Sanjeet Desai | Shubham Desai | Sohel Ebrahim Desai
deshpande,AA Deshpande | Pavan Deshpande | TU Deshpande
devdhar,KH Devdhar | Mrunal Devdhar
dey,BB Dey | Dipanjan Dey | Rajat Dey | Sourav Dey
dhaka,V Dhaka | Vipin Dhaka
dhakal,R Dhakal | S Dhakal | SM Dhakal | Saugat Dhakal
dhaliwal,H Dhaliwal | NS Dhaliwal | Sohraab Dhaliwal
dhanushka,H Dhanushka | HGKD Dhanushka
dhar,A Dhar | Parivesh Dhar | R Dhar
dhawan,R Dhawan | Raghav Dhawan | S Dhawan
dias,CJ Dias | PD Dias | Royston Dias | SA Dias
dilhara,A Dilhara | K Dilhara | LHD Dilhara
dilshan,HGK Dilshan | HRC Dilshan | MD Dilshan | N Dilshan | T Dilshan | TM Dilshan | WA Dilshan | WT Dilshan
disanayaka,DMML Disanayaka | S Disanayaka
dixit,Abhinav Dixit | Avi Dixit | M Dixit | S Dixit | Vivek Dixit
dogra,Manish Dogra | P Dogra
donald,AA Donald | AHT Donald
dorji,D Dorji | JN Dorji | K Dorji | Karma Dorji | RM Dorji | T Dorji | Tashi Dorji | U Dorji | Ugyen Dorji
douglas,AC Douglas | CRM Douglas
drysdale,J Drysdale | RPO Drysdale
dubey,Ankit Dubey | Harsh Dubey | Jagrat Dubey | P Dubey | SB Dubey | Saurabh Dubey
dutta,Aritra Dutta | Mrinmoy Dutta | N Dutta | P Dutta | Rana Dutta
ebanks,KR Ebanks | R Ebanks | Ronald Ebanks
ebrahim,DD Ebrahim | KE Ebrahim | Yusuf Ebrahim
ehsan,R Ehsan | Shamsullah Ehsan
ekanayake,EMKB Ekanayake | K Ekanayake | NH Ekanayake | TSB Ekanayake
ellick,JKP Ellick | N Ellick
elliott,GD Elliott | KJS Elliott | KO Elliott | SJ Elliott | SM Elliott
ellis,AM Ellis | B Ellis | MLA Ellis | NT Ellis
esterhuizen,C Esterhuizen | Carolyn Esterhuizen
faisal,M Faisal | Shah Faisal
farooq,Amir Farooq | Aqif Farooq | Aridah Umer Farooq | Muhammad Farooq | Qais Farooq | S Farooq | Umar Farooq | Usrah Umar Farooq
fazal,Abdullah Fazal | FY Fazal
fernandes,Metty Fernandes | N Fernandes | SML Fernandes
ferrary,EAS Ferrary | KJ Ferrary
fletcher,ADS Fletcher | ASS Fletcher | AT Fletcher | BE Fletcher | C Fletcher | CD Fletcher | K Fletcher | LJ Fletcher
franco,E Franco | RCM Franco
franklin,JEC Franklin | PA Franklin | S Franklin
fraser,CS Fraser | K Fraser | Kerry Fraser
frey,M Frey | Viktoria Frey
friday,SET Friday | U Friday
fujikawa,A Fujikawa | Kiyo Fujikawa
galan,A Galan | Francesca Galan
gamage,D Gamage | DS Gamage | KL Gamage | Kavija Gamage | NT Gamage | PLS Gamage | PN Gamage | R Gamage
gambhir,G Gambhir | Gaurav Gambhir
gandhi,AR Gandhi | Chinta Gandhi | Chirag Gandhi | S Habib Gandhi
ganesh,Adithya Ganesh | D Ganesh | K Ganesh | Pooja Ganesh | Rojith Ganesh
ganeshan,P Ganeshan | Prithaa Ganeshan
gani,Aamir Gani | S Gani
gaonkar,Deepraj Gaonkar | LR Gaonkar
gardner,A Gardner | J Gardner | JWW Gardner
garg,Lakshay Garg | PK Garg
gautam,Abhishesh Gautam | Anshuman Gautam | CM Gautam | KS Gautam | Rit Gautam
gawas,Prathamesh Gawas | S Gawas
george,B George | C George | Chinyenum George | J George | KL George | PR George | Sobu George
ghalley,Anjuli Ghalley | GK Ghalley | K Ghalley
ghazanfar,AM Ghazanfar | Mohammad Ghazanfar | Nimra Ghazanfar
ghosh,AN Ghosh | BB Ghosh | Dhiman Ghosh | P Ghosh | Panna Ghosh | Pinak Ghosh | RM Ghosh | SS Ghosh | Sayan Ghosh | Taposh Ghosh
gill,Altaf Gill | Hasrat Gill | KK Gill | M Gill | Ravinder Gill | S Gill | SKS Gill | Shubman Gill | Tushar Gill
gopal,S Gopal | Thivagar Gopal
gordon,A Gordon | AG Gordon | JA Gordon | JOA Gordon | KL Gordon | NA Gordon | RO Gordon | TG Gordon
gore,K Gore | Tripti Gore
goswami,Abhishek Goswami | J Goswami | SP Goswami
goud,Ajay Dev Goud | K Goud | Sandeep Goud
grant,DMK Grant | L Grant
gray,AJA Gray | E Gray | J Gray | K Gray | SI Gray | TW Gray
green,AM Green | BGF Green | C Green | CJ Green | CL Green | CM Green | DC Green | KA Green | ML Green | ZE Green
grimmond,RMAU Grimmond | SS Grimmond
groves,J Groves | OJR Groves
gunaratne,DAS Gunaratne | HHC Gunaratne | PW Gunaratne | RMVD Gunaratne
gunawardene,DA Gunawardene | MGMCP Gunawardene
gunning,O Gunning | QWM Gunning
guruge,AM Guruge | PRPM Guruge | TN Guruge
gurung,A Gurung | DS Gurung | Prabesh Gurung | Ram Gurung | SR Gurung
halambage,Senitha Halambage | VS Halambage
hameed,Basil Hameed | H Hameed | Yasir Hameed
hamid,Mihusan Hamid | TW Hamid
hampton,BR Hampton | TRG Hampton
hansen,HS Hansen | JR Hansen | KRS Hansen | MJ Hansen
haq,Ahsan ul Haq | Azeem ul Haq | E Ul Haq | Ibrarul Haq | RM Haq
haque,Anamul Haque | Ariful Haque | Ehsanul Haque | Enamul Haque | Idrees Ul Haque | Md Shafiqul Haque | Mominul Haque | Robiul Haque | Sajjadul Haque
harding,GHI Harding | JC Harding | KJ Harding
harper,LJ Harper | LLB Harper | SB Harper
hawkins,CT Hawkins | JWA Hawkins | RV Hawkins
hayes,J Hayes | JPH Hayes | Julie Hayes
hazell,D Hazell | J Hazell | Jess Hazell
heath,BAM Heath | S Heath
henry,CA Henry | E Henry | J Henry | MC Henry | MJ Henry | O Henry | TDA Henry
herath,B Herath | HMRKB Herath
hicks,AM Hicks | J Hicks | Joanne Hicks | RR Hicks | S Hicks
hill,C Hill | CAE Hill | FJ Hill | GCH Hill | J Hill | LJ Hill | M Hill | MW Hill | RM Hill
hira,Javed Hira | RM Hira
hodge,BJ Hodge | KAR Hodge
hooda,AH Hooda | DJ Hooda | MS Hooda | Nitesh Hooda
hopkins,GJ Hopkins | RHM Hopkins
hoque,Fargana Hoque | Z Hoque
howell,BAC Howell | C Howell
htun,LL Htun | Nay Lin Htun
huda,Md Nurul Huda | Nazmul Huda
hughes,AL Hughes | CF Hughes | DP Hughes | E Hughes | LEV Hughes | MG Hughes | PJ Hughes | STA Hughes
hussey,DJ Hussey | MEK Hussey
ibrahim,Aftab Ibrahim | D Ibrahim | Eashal Ibrahim | M Ibrahim | Nurudeen Ibrahim | Zaheer Ibrahim
ingabire,G Ingabire | JMV Ingabire | S Ingabire
inglis,EJ Inglis | JP Inglis | Jack Inglis | PM Inglis
ismail,Abdullahi Ismail | Imran Ismail | Kinaanath Ismail | Mahirah Izzati Ismail | Nazwan Ismail | S Ismail | SK Ismail
iyer,SS Iyer | VR Iyer | Vinay Iyer
jabarkhel,Abdulmalik Jabarkhel | E Jabarkhel | Ibrahim Jabarkhel
jacob,Amal Jacob | CE Jacob | L Jacob | MT Jacob
jadeja,Aditya Jadeja | Dharmendrasinh Jadeja | RA Jadeja | Vishvaraj Jadeja
jagroo,Bhumeshswar Jagroo | J Jagroo
jahangir,Al Maseera Jahangir | Shayan Jahangir
jain,A Jain | Akshay Jain | Jenissa Jain | KV Jain | Mohit Jain | P Jain | Prateek Jain | Saahil Jain | Saransh Jain | Utkarsh Jain
jaiswal,AV Jaiswal | Ankitkar Jaiswal | Mickil Jaiswal | YBK Jaiswal
james,IR James | J James | JM James | KHM James | KS James | LW James | Z James
jamil,S Jamil | Shahzaib Jamil
jani,Chirag Jani | VL Jani
jaswal,Pankaj Jaswal | R Jaswal
javed,Aamir Javed | Akif Javed | Amjad Javed | Asif Javed | Faisal Javed | Iram Javed | Nadeem Javed | Nasir Javed | RB Javed | Sana Javed | Tayyeb Javed
jayasinghe,AJADDLA Jayasinghe | CU Jayasinghe | EDBH Jayasinghe | S Jayasinghe
jayasuriya,GSNFG Jayasuriya | NGRP Jayasuriya | ST Jayasuriya
jayathilake,C Jayathilake | HMCB Jayathilake | N Jayathilake | S Jayathilake
jayawardena,S Jayawardena | Sineth Jayawardena
jayawickrama,MSS Jayawickrama | P Jayawickrama
jaye,B Jaye | Basiru Jaye
jeremiah,JF Jeremiah | Zinaida Jeremiah
jerome,Jaison Jerome | SF Jerome
jha,Gulsan Jha | KR Jha
jordan,Akeem Jordan | CJ Jordan | ROO Jordan
joseph,AS Joseph | D Joseph | JM Joseph | M Joseph | Q Joseph | RH Joseph | S Joseph | SC Joseph | Sijomon Joseph | TK Joseph
joshi,A Joshi | AM Joshi | Aniruddha Joshi | D Joshi | HS Joshi | K Joshi | M Joshi | N Joshi | Piyush Joshi | RR Joshi | SB Joshi | Samarpit Joshi
joyce,CNIM Joyce | DI Joyce | EC Joyce | IMHC Joyce | R Joyce
jr,Naeem Islam Jr. | RB Bishnoi Jr
kalita,JN Kalita | Jitumoni Kalita
kalyan,S Kalyan | Skalzang Kalyan
kamara,AB Kamara | AM Kamara | Adama Kamara | Aminata Kamara | E Kamara | I Kamara | Z Kamara
kandela,G Kandela | Gladson Kandela
kaneria,Danish Kaneria | S Kaneria
kannan,H Kannan | Vignesh Kannan
kanwar,Anirudh Kanwar | K Kanwar | Sarul Kanwar | TP Kanwar
karim,AY Karim | Abdul Rashid Karim | Haris Karim | IA Karim | Ibrahim Karim | Rejaul Karim | Sultan Karim
karthik,Codanda Ajit Karthik | KB Arun Karthik | KD Karthik | S Karthik | SR Karthik
karunaratne,C Karunaratne | FDM Karunaratne | H Karunaratne | MLR Karunaratne | SDNS Karunaratne
karvelas,A Karvelas | Alexandros Karvelas
kashyap,MS Kashyap | Sunny Kashyap | Suraj Kashyap
kassim,R Kassim | Shakkir Kassim
kaur,AB Kaur | Amarpal Kaur | H Kaur | I Kaur | J Kaur | JG Kaur | Joyleen Kaur | K Kaur | M Kaur
kaushal,I Kaushal | J Kaushal | Karanveer Kaushal | PHT Kaushal
kaushik,AJ Kaushik | Aditya Kaushik | Ankit Kaushik | H Kaushik | Madhav Kaushik | S Kaushik
kayani,Aftab Kayani | N Kayani
kazi,AA Kazi | Azim Kazi | HY Kazi | Rahat Kazi | SM Kazi
kelly,AN Kelly | C Kelly | DC Kelly | M Kelly | Marie Kelly | NF Kelly | NM Kelly | SKW Kelly | T Kelly
kennedy,A Kennedy | G Kennedy | Sara Kennedy
khadka,J Khadka | P Khadka | S Khadka | Samjhana Khadka
khaliq,F Khaliq | Rizwan Khaliq
khatri,B Khatri | Bipin Khatri | D Khatri | S Khatri | Y Khatri
khurana,Chirag Khurana | S Khurana | Shivam Khurana
kim,Hongki Kim | Jeongyoon Kim | Kyungsik Kim | Sinae Kim | Su Jin Kim
kishore,Aishani Kishore | R Sai Kishore
knight,HC Knight | KA Knight | Kycia A Knight | Kyshona A Knight | NV Knight | TC Knight
ko,Aung Ko Ko | Kaung Ko Ko | Swann Htet Ko Ko | Ye Ko Ko
kohli,A Kohli | Nikhil Kohli | Parth Kohli | Shashwat Kohli | T Kohli | V Kohli
kornet,M Kornet | Mariska Kornet
kpaka,Ibrahim Kpaka | M Kpaka
krishna,A Krishna | Bal Krishna | Jyothi Sai Krishna | M Prasidh Krishna | N Krishna | Vipul Krishna
krishnamurthy,Ramya Krishnamurthy | V Krishnamurthy
kruger,B Kruger | BP Kruger | CK Kruger | GJP Kruger | MB Kruger | N Kruger | PE Kruger | S Kruger
kulasekara,CB Kulasekara | CKB Kulasekara | K Kulasekara | KMDN Kulasekara
kumara,BLCS Kumara | CBRLS Kumara | HG Kumara | IGTR Kumara | LPPM Kumara | SAC Kumara | Supun Kumara
kumari,Ashwani Kumari | BMSM Kumari | Bijeyata Kumari | Happy Kumari | L Kumari | Pooja Kumari | Prachi Kumari | Purvi Kumari | SC Kumari
kushwah,Ankit Kushwah | N Kushwah | Vishal Kushwah
kyaw,Kaung Htet Kyaw | Y Naing Kyaw | ZT Kyaw
lakshan,D Lakshan | M Lakshan | S Lakshan | U Lakshan | WWWL Lakshan
lal,Aamir Lal | Karan Lal | Kuldeep Lal | TK Lal
lamb,AR Lamb | DJ Lamb | EL Lamb | GA Lamb | K Lamb | Lily Lamb | MJ Lamb | TI Lamb
lamba,AR Lamba | Ankit Lamba
lange,AD de Lange | C de Lange | CD de Lange | ELT de Lange | M de Lange
latif,Khalid Latif | ME Latif | Mamoon Latif | Naved Latif | Rashid Latif
lawson,JJC Lawson | TS Lawson
lee,A Lee | B Lee | Eunjin Lee | Hee Jung Lee | Hwanhee Lee | Jina Lee | L Lee | Sangwook Lee
leede,B de Leede | BFW de Leede | TBM de Leede
leo,AR Leo | B Leo | D Leo | Dane Leo | Delroy Leo
leverock,KS Leverock | RDM Leverock
li,HT Li | Jiaping Li | KLG Li
limbu,R Limbu | Rohit Limbu
livera,Kanchana de Livera | S de Livera
liyanage,CA Liyanage | HS Liyanage | I Liyanage | J Liyanage | K Liyanage | N Liyanage | NCK Liyanage | NG Liyanage | S Liyanage | Y Liyanage
louis,DAM Louis | JS Louis | M Louis
lui,H Lui | Jason Lui
luitel,Akash Luitel | B Luitel | KN Luitel
lynn,CA Lynn | JMJ Lynn
madhavan,Maahi Madhavan | R Madhavan
maduranga,KDM Maduranga | S Maduranga
madushanka,A Madushanka | D Madushanka | DSK Madushanka | HUK Madushanka | LD Madushanka | PHS Madushanka | R Madushanka | Sandun Madushanka
maduwantha,DGD Maduwantha | P Maduwantha
mahajan,KR Mahajan | Kunal Mahajan | R Mahajan | V Mahajan
mahato,K Mahato | Puja Mahato
mahesh,B Mahesh | Shafina Mahesh | VY Mahesh | Vaishnave Mahesh
majid,Abdul Majid | Ali Majid | Y Majid
majumdar,AP Majumdar | Sourabh Majumdar
malhotra,Anmol Malhotra | I Malhotra | JS Malhotra | R Malhotra
mali,Ranjeet Mali | Z Mali
malik,Adeel Malik | Ahsan Malik | Durriya Malik | Manal Malik | Puneet Malik | Saif Ullah Malik | Shoaib Malik | Umran Malik | VS Malik | Wania Malik | Z Malik
malla,G Malla | Kushal Malla | S Malla
manan,Abdul Manan | G Manan
mandal,AK Mandal | Ajay Mandal | SN Mandal
manenti,BAD Manenti | HJ Manenti
mangal,Amir Mangal | R Mangal | Rahmatullah Mangal
manivannan,M Manivannan | Suabika Manivannan
mann,A Mann | Pukhraj Mann
manoj,Arnav Manoj | KDA Manoj | S Manoj
maqsood,AH Maqsood | Sohaib Maqsood | Waqas Maqsood | Zaheer Maqsood | Zeeshan Maqsood
marshall,CR Marshall | HJH Marshall | JAH Marshall | L Marshall | RA Marshall | T Marshall | WB Marshall | XM Marshall
martinez,AB Martinez | D Long Martinez | Florencia Martinez | M Martinez | SB Martinez
maxwell,DES Maxwell | GJ Maxwell
mckenzie,AW McKenzie | H McKenzie | INC McKenzie | J McKenzie | KSA McKenzie | ND McKenzie
mclean,NAM McLean | NY McLean
mehmood,A Mehmood | Anser Mehmood | Assad Mehmood | Atif Mehmood | Faisal Mehmood | Fareeha Mehmood | Hassan Mehmood | Junaid Mehmood | Mian Mehmood | Rizwan Mehmood | Sufyan Mehmood | Yasir Mehmood
mehra,Hiten Mehra | P Mehra
mehta,DA Mehta | HJ Mehta | KD Mehta | KV Mehta | M Mehta | NSK Mehta | PB Mehta | S Mehta | Sapan Mehta | Sherul Mehta
mei,Zhang Mei | Zi Mei
mendis,BAW Mendis | BGS Mendis | BKG Mendis | BMAJ Mendis | BMDK Mendis | BOL Mendis | BYA Mendis | HIS Mendis | PHKD Mendis | RTM Mendis | ST Mendis | Y Mendis
merrien,Emily Merrien | R Merrien
miao,Yu Miao | Zou Miao
middleton,EWO Middleton | FS Middleton
miles,AJ Miles | B Miles | C Miles | CN Miles | EJB Miles | NT Miles
mitchell,DJ Mitchell | DKH Mitchell | RP Mitchell
mithun,A Mithun | Mohammad Mithun
modimokoane,IHM Modimokoane | O Modimokoane
mohamedi,Nasra Mohamedi | SH Mohamedi
mohammed,A Mohammed | Alotaibi Mohammed | D Mohammed | HG Mohammed | Huzaifa Mohammed | Isaac Mohammed | JN Mohammed | Khadeer Mohammed | M Mohammed | Shahzeb Mohammed | Zahir Mohammed
mohan,AK Mohan | Abhishek Mohan | Lalith Mohan | S Mohan | SR Mohan
mongia,D Mongia | Mohit Mongia
mooney,BL Mooney | JF Mooney | PJK Mooney
moore,C Moore | ECB Moore | EM Moore | HJ Moore | K Moore | L Moore | SC Moore | TC Moore
morgan,AO Morgan | BL Morgan | EJG Morgan | J Morgan | JN Morgan | O Morgan | SHB Morgan | SL Morgan
morris,A Morris | BJ Morris | CAJ Morris | CH Morris | FMK Morris | LR Morris | S Morris
muhammad,Bilal Muhammad | Fazil Muhammad | Jawad Muhammad | Mudassar Muhammad | S Muhammad | Taher Muhammad | Waseem Muhammad | Zuhair Muhammad
mulder,J Mulder | PWA Mulder
mulla,AA Mulla | Sarfaraj Mulla
munir,IS Munir | Saud Munir | Shariq Munir
murali,G Murali | Priyada Murali | Pushpa Murali
murphy,BA Murphy | D Murphy | JR Murphy | RJA Murphy | T Murphy
murray,C Murray | D Murray | FJM Murray | R Murray
murtaza,AG Murtaza | GC Murtaza | Yasim Murtaza
mustafa,A Mustafa | Gulam Mustafa | Khalander Mustafa | Rohan Mustafa
nadeem,Ali Nadeem | Mohammad Nadeem | Mohammed Nadeem | Muhammad Nadeem | S Nadeem | Talat Nadeem
naik,GJ Naik | JKH Naik | NS Naik | RR Naik | S Naik | VA Naik
nair,AJ Nair | AR Nair | KK Nair | P Nair | S Nair | Sandeep Nair
nation,CN Nation | KFG Nation
nawaz,Ali Nawaz | Ehsan Nawaz | Fahad Nawaz | Hassan Nawaz | Khurram Nawaz | MN Nawaz | Mohammad Nawaz | Nasir Nawaz | Sidra Nawaz | Umar Nawaz
negi,Abhay Negi | Dikshanshu Negi | P Negi | Ritesh Negi
newton,JD Newton | LK Newton | OR Newton | RI Newton | TMM Newton
nielsen,HJ Nielsen | MJG Nielsen | RT Nielsen
nirmal,KVN Nirmal | LK Nirmal | P Nirmal | S Nirmal
nissanka,P Nissanka | RAP Nissanka
nou,H Nou | L Nou | Patrick Nou
o'brien,AW O'Brien | GH O'Brien | IE O'Brien | Jordan O'Brien | KJ O'Brien | NJ O'Brien
o'keefe,C O'Keefe | SNJ O'Keefe
odedra,Jay Odedra | SB Odedra
palmer,C Palmer | RJG Palmer
panchal,KB Panchal | Priyank Panchal | R Panchal
pandey,AR Pandey | Aanand Pandey | Abhishek Pandey | Akash Pandey | I Pandey | IC Pandey | J Pandey | KD Pandey | MK Pandey | S Pandey | Sachidanand Pandey
panwar,A Panwar | Aditya Panwar | V Panwar | Vaibhav Singh Panwar
parashar,Amit Parashar | D Parashar
parker,MA Parker | Terez Parker | W Parker
parmar,AJ Parmar | Chirag Parmar | Jayveer Parmar | MB Parmar | Mansi Parmar
parsons,ASH Parsons | B Parsons | GE Parsons | HMHE Parsons
pathan,AUK Pathan | BA Pathan | IK Pathan | N Pathan | R Pathan | TN Pathan | YK Pathan
patil,AA Patil | AS Patil | Abhilash Patil | DT Patil | KB Patil | RA Patil | SP Patil | SR Patil | Sairaj Patil | Vidyadhar Patil
patterson,BE Patterson | KR Patterson | O Patterson | SA Patterson | TAW Patterson
pattnaik,SC Pattnaik | Sandeep Pattnaik
paul,A Paul | CB Paul | CK Paul | KMA Paul | L Paul | Sankar Paul | Snigdha Paul
peiris,DBL Peiris | KN Peiris | Rehan Peiris
pereira,AM Pereira | Nishma Pereira
perkins,KT Perkins | WKD Perkins
phiri,Eric Phiri | L Phiri | V Phiri
pillai,Karthik Pillai | Lavanya Pillai | R Pillai | S Pillai
pitcher,ADJ Pitcher | AR Pitcher | JE Pitcher | OL Pitcher
poddar,Govinda Poddar | R Poddar
poon,Bella Poon | K Poon
porel,Abishek Porel | IC Porel
powell,DBL Powell | KOA Powell | R Powell | RL Powell
prabhudessai,SS Prabhudessai | Vijesh Prabhudessai
pradhan,Ajay Pradhan | Debabrata Pradhan | R Pradhan | Riya Pradhan | S Pradhan | SA Pradhan | SD Pradhan | SN Pradhan | Suman Pradhan | Suryakant Pradhan
prakash,Janak Prakash | S Prakash
prasad,C Prasad | DRH Prasad | JEI Prasad | KTGD Prasad | NS Prasad
premaratne,A Premaratne | M Premaratne | N Premaratne | WGHN Premaratne
pretorius,D Pretorius | Dewald Pretorius | LG Pretorius | M Pretorius | N Pretorius | R Pretorius
pringle,OMR Pringle | RD Pringle | TJG Pringle
punia,Deepak Punia | PS Punia
puri,AR Puri | Gaurav Puri
quinn,MR Quinn | Martina Quinn
qureshi,Abdullah Qureshi | Ashir Qureshi | Ayyaz Qureshi | K Qureshi | Shoaib Qureshi
radhakrishnan,N Radhakrishnan | Smruthi Radhakrishnan
rae,MD Rae | OSM Rae
raghunath,P Raghunath | Sanjay Raghunath
rahul,KL Rahul | Ponnan Rahul
rai,Amos Rai | Ashish Rai | D Rai | Dinesh Rai | Mamta Rai | Sabnam Rai | Sangita Rai | Sooraj Rai | YK Rai
raina,RR Raina | Robert Raina | SK Raina | Suryansh Raina
raj,Akash Raj | Anuj Raj | Hrishi Raj | M Raj | Malay Raj | Raushan Raj | Y Prithvi Raj
rajapaksa,PBB Rajapaksa | S Rajapaksa
rajendran,NT Rajendran | R Rajendran | Rajkumar Rajendran
rajiv,Ashith Rajiv | T Rajiv
rajput,AV Rajput | Akhil Rajput | Rabbjyot Rajput | Vikrant Rajput
raju,GS Raju | PVSN Raju
ralte,Lalhruai Ralte | R Ralte | Remruatdika Ralte
ramesh,A Ramesh | Damini Ramesh | N Ramesh | R Ramesh
ranasinghe,OU Ranasinghe | R Ranasinghe | RAKA Ranasinghe
ranatunga,D Ranatunga | RJKTD Ranatunga
ranaweera,Adithya Ranaweera | I Ranaweera
randika,DA Randika | Vishad Randika
rani,NKF Rada Rani | S Rani
rao,AA Rao | AG Rao | Bhima Rao | Dhananjay Rao | MD Rao | Nitish Rao | Pankaj Rao | Rosan Kumar Rao | Vijay Rao | WD Balaji Rao | Y Gnaneswara Rao | Y Venugopal Rao
rasheed,Asad Rasheed | Atif Rasheed | Hassan Rasheed | SK Rasheed | Sabahat Rasheed | Shahbaz Rasheed
rashid,AU Rashid | Fazil Rashid | H Rashid | Ruba Rashid
rathi,DS Rathi | Rohan Rathi
rathnayake,M Rathnayake | N Rathnayake | P Rathnayake | RMMP Rathnayake | RMRDG Rathnayake
rathod,H Rathod | Hardik Rathod | Harshit Rathod | RR Rathod | YV Rathod
rathour,NS Rathour | Shasheem Rathour
raval,Dhruv Raval | JA Raval | RK Raval
rawal,B Rawal | Pratika Rawal | R Rawal
rawat,A Rawat | Anuj Rawat | D Rawat | M Rawat | Mayank Rawat | P Rawat | Sarang Rawat | Saurabh Rawat | Shashwat Rawat
ray,A Le Ray | Boio Ray | Chandan Ray | M Le Ray
rayudu,AT Rayudu | Rohit Rayudu
raza,A Raza | Ahmad Raza | Ahmed Raza | Ali Raza | Faisal Raza | Hasan Raza | Mohsin Raza | Muzahir Raza | Sibtain Raza | Sikandar Raza | Waseem Raza
rehman,A Rehman | Abdul Rehman | Abdur Rehman | Ziaur Rehman
reifer,FL Reifer | NMJ Reifer | RA Reifer
rhodes,GH Rhodes | JN Rhodes | WMH Rhodes
riaz,Aliya Riaz | KN Riaz | Memoona Riaz | Wahab Riaz
richards,ACL Richards | CR Richards | DL Richards | DM Richards | H Richards | J Richards | JA Richards | JB Richards | KD Richards | RR Richards
richardson,AP Richardson | DDE Richardson | EAJ Richardson | EJ Richardson | G Richardson | JA Richardson | JDA Richardson | KW Richardson | MA Richardson | MH Richardson | MJ Richardson
riley,AEN Riley | G Riley | O Riley
rivero,AAP Rivero | AR Perez Rivero
rizvi,MS Rizvi | Sameer Rizvi
rizwan,CP Rizwan | Mohammad Rizwan
roach,KAJ Roach | RN Roach
roberts,C Roberts | Ian Roberts | J Roberts | KJT Roberts | PS Roberts
robertson,C Robertson | IA Robertson | WJR Robertson
robinson,AW Robinson | C Robinson | DS Robinson | J Robinson | LS Robinson | M Robinson | NAJ Robinson | OE Robinson | OG Robinson | RJ Robinson | TB Robinson
rodrigo,KTK Rodrigo | NP Rodrigo | R Rodrigo | Y Rodrigo
rogers,BG Rogers | CJL Rogers | GA Rogers | HP Rogers | M Rogers | TF Rogers | TS Rogers
rohit,Damodaran Rohit | R Rohit
rossi,Lucas Rossi | S Rossi | T Rossi
rout,AJ Rout | Aditya Rout | Bikash K Rout
rowe,HM Rowe | Oliver Rowe | P Rowe | SE Rowe
roy,AS Roy | Abhijit Roy | BA Roy | BB Roy | Erik Roy | H Roy | JJ Roy | P Roy | Pappu Roy | Sibsankar Roy | Subashis Roy
rupasinghe,RJMGM Rupasinghe | Y Rupasinghe
saeed,Hammad Saeed | Inayat Saeed | Mofassar Saeed | Muhammad Saeed | S Saeed
saha,Ananta Saha | Sanjit Saha | TK Saha | TS Saha | VK Saha | WP Saha
sahan,Rabia Sahan | W Sahan
sahani,Akhilesh Sahani | Aryan Sahani | CP Sahani | Parth Sahani
sahi,Sukhkaran Sahi | UH Sahi
saini,Chanderpal Saini | N Saini | NA Saini | Navdeep Saini | Shanu Saini | V Saini
samad,AM Samad | Abdul Samad | Nabil Samad
samal,Lagnajit Samal | S Samal | Swastik Samal
samantray,BB Samantray | Debasish Samantray
samson,E Samson | R Samson | RSK Samson | SV Samson
samuels,AJA Samuels | MN Samuels | S Samuels | TW Samuels
sandaruwan,CT Sandaruwan | D Sandaruwan | HHD Sandaruwan | R Sandaruwan | T Sandaruwan
sandeep,Bavanaka Sandeep | Darshaka Sandeep | R Sandeep | T Sandeep | Y Sandeep
sandhu,BS Sandhu | GS Sandhu | Nashra Sandhu | RS Sandhu
sangha,JJS Sangha | T Sangha
sangwan,Himanshu Sangwan | PJ Sangwan
sanjaya,JRMVB Sanjaya | R Sanjaya
sarkar,AK Sarkar | Ajay Sarkar | Amishi Sarkar | Hannan Sarkar | SS Sarkar | Soumya Sarkar
sarma,A Sarma | Ananya Sarma | V Sarma
sarwar,MM Sarwar | Nouman Sarwar | Shoaib Sarwar | Zeeshan Sarwar | Zohaib Sarwar
saxena,D Saxena | Jalaj S Saxena | Jatin Saxena
scholtz,BM Scholtz | NRP Scholtz
scott,BE Scott | CM Scott | GFB Scott | JE Scott | L Scott | LE Scott | RM Scott
sehrawat,AG Sehrawat | Paras Sehrawat | S Sehrawat
sen,Amiangshu Sen | EC Sen | KR Sen | NN Sen | T Sen
seneviratne,I Seneviratne | MARP Seneviratne | WVD Seneviratne
sengupta,Akash Sengupta | S Sengupta
senn,AA Senn | Adam Senn
seth,Bhavesh Seth | Kanishk Seth | RR Seth | S Seth | Samarth Seth
sewwandi,R Sewwandi | Tharika Sewwandi
shabbir,D Shabbir | Mohsin Shabbir
shafiq,Ali Shafiq | Asad Shafiq | Mohammad Shafiq | Nasir Shafiq | W Shafiq
shafique,AA Shafique | Abdullah Shafique
shahid,Abdullah Shahid | H Shahid | Haroon Shahid | Mohammad Shahid | Naveed Shahid | Rameesha Shahid | U Shahid
shahzad,A Shahzad | Amir Shahzad | Babar Shahzad | Khurram Shahzad | Mohammad Shahzad | Muhammad Shahzad | Muzammil Shahzad | Najjam Shahzad | Rameez Shahzad | Rommel Shahzad | Shanzeen Shahzad | Zia Shahzad
shaikh,Asif Shaikh | Hamza Shaikh | Naushad Shaikh | RA Shaikh | SS Shaikh | Simran Shaikh
shankar,K Bharath Shankar | K Dinesh Shankar | SV Shankar | Shilpa Shankar | Sneha Shankar | V Shankar
sharif,Amir Sharif | Mohammad Sharif | SM Sharif | Shafiq Sharif | Umair Sharif
shaw,J Shaw | L Shaw | NJ Shaw | PP Shaw | Pankaj Shaw | V Shaw
shetty,AR Shetty | Adhitya Shetty | B Shetty | Bravish Shetty | DK Shetty | L Shetty | Naveena Shetty | P Shetty | SK Shetty | SV Shetty | Samarth Shetty | V Shetty
shikongo,B Shikongo | SPS Shikongo
shinde,KB Shinde | Karan Shinde | RR Shinde | SS Shinde | Sachin Ganpat Shinde
short,DJM Short | KL Short | M Short | MW Short
shrestha,A Shrestha | K Shrestha | Kanchan Shrestha | M Shrestha | P Shrestha
shukla,A Shukla | AK Shukla | G Shukla | I Shukla | LR Shukla | Prashant Shukla | R Shukla | SS Shukla | Shivam Shukla | V Shukla
siddharth,B Siddharth | Krishnamurthy Siddharth | M Siddharth
siddique,Junaid Siddique | Kashif Siddique | MM Siddique
sidhu,A Sidhu | Jonty Sidhu
siegers,HDJ Siegers | S Siegers
simelane,A Simelane | LS Simelane | N Simelane | Noncedo Simelane
simmons,CB Simmons | CJ Simmons | JA Simmons | LMP Simmons | M Simmons
sims,G Sims | Ilenia Sims | KM Sims | LM Sims | RW Sims
sirah,ASF Sirah | SF Sirah
siriwardene,HASD Siriwardene | I Siriwardene | LSP Siriwardene
sisodia,LUVNITH SISODIA | PS Sisodia
smale,S Smale | Sophia Smale | WT Smale
small,BJ Small | DGK Small
smit,D Smit | GH Smit | J Smit | JJ Smit | Janco Smit | M Smit
soe,Nyeing Cham Soe | TT Soe
sofi,U Sofi | Zahoor Sofi
sohi,IS Sohi | Jaskaranvir Singh Sohi
solanki,PH Solanki | PI Solanki | S Solanki | VS Solanki | Vishnu Solanki
solomon,E Solomon | Emanuel Solomon | J Solomon
song,F Song | Seungmin Song
soni,A Soni | Ankit Soni | Dhrushant Soni | Somnath Soni
soysa,DD de Soysa | Sadev Soysa
srinivasan,Ananya Srinivasan | H Srinivasan
srivastava,Abhinav Srivastava | SJ Srivastava | TM Srivastava | Utkarsh Srivastava
stanikzai,Abdul Stanikzai | M Stanikzai
stephen,AL Stephen | Cheepurapalli Stephen | S Stephen
stevens,BDH Stevens | DI Stevens
stevenson,CAH Stevenson | RA Stevenson
steyn,A Steyn | DW Steyn | Dylan Steyn
stokes,ACF Stokes | BA Stokes | MWR Stokes
subba,Anil Subba | Bhushan Subba | DK Subba | Kumar Subba
suleman,J Suleman | Riaz Suleman | Suleman
sullivan,GES Sullivan | HA Sullivan | JR Sullivan
sultana,G Sultana | Nigar Sultana | Shamima Sultana | Sharmin Sultana
sumanth,B Sumanth | Kolla Sumanth
sun,Lei Sun | N Sun
suresh,K Suresh | Rohan Suresh
suri,Chirag Suri | T Suri
sykes,JS Sykes | OFM Sykes
tafea,MFL Tafea | V Tafea
tan,QS Tan | Zay Hua Tan
tanwar,Abhishek Tanwar | N Tanwar | Nitin Tanwar | Piyush Tanwar
tavo,KSB Tavo | T Tavo
teja,DB Ravi Teja | Ravi Teja
tendulkar,Arjun Tendulkar | SR Tendulkar
thapa,A Thapa | Ashish Thapa | Mamta Thapa | Nary Thapa | Roma Thapa | S Thapa | TB Thapa
tharanga,Pulina Tharanga | S Tharanga | WU Tharanga
thinley,J Thinley | Namgay Thinley | Ngawang Thinley
thomas,AC Thomas | ARG Thomas | DC Thomas | GW Thomas | HJ Thomas | IAA Thomas | J Thomas | JF Thomas | O Thomas | Olivia Thomas | RA Thomas | SE Thomas
thornton,GT Thornton | HTRY Thornton
thyagarajan,A Thyagarajan | Tanay Thyagarajan
tillett,KK Tillett | Kristan Tillett
tiwari,AL Tiwari | Abhisekh Tiwari | Agrim Tiwari | Anurag Tiwari | Gaurav Tiwari | Jai Tiwari | M Tiwari | NK Tiwari | Rishabh Tiwari | Vivekanand Tiwari | Yogesh Tiwari
to,YS To | Ying King To
todd,ATP Todd | JT Todd
tomar,A Tomar | GY Tomar | Ritik Tomar
torres,CV Fernandes Torres | MAL Torres
toussaint,CG Steenstra Toussaint | LCA Toussaint
tripathi,A Tripathi | Anshul Tripathi | K Tripathi | RA Tripathi
trivedi,A Trivedi | SK Trivedi | Sagar Trivedi
trott,C Trott | IJL Trott | RJ Trott
turan,Suzan Turan | T Turan
turay,A Turay | M Turay | Mohamed Turay | R Turay
turkmen,A Turkmen | Muhammed Turkmen
tyagi,DPS Tyagi | Harsh Tyagi | Kartik Tyagi | N Tyagi | S Tyagi
uniyal,A Uniyal | Amit Uniyal
upadhyay,Deendyal Upadhyay | H Upadhyay | K Upadhyay | SS Upadhyay
uwase,C Uwase | Geovanis Uwase | M Uwase
vaaetasi,ETV Vaaetasi | F Vaaetasi
vare,HGV Vare | JNT Vare | N Vare
varma,AM Varma | Ahitesh Varma | K Bhagath Varma | Tilak Varma
vats,Neelambuj Vats | S Vats
venkatesh,A Venkatesh | Ruchitha Venkatesh
verma,A Verma | Aakash Verma | Amit Verma | Aniket Verma | Nakul Verma | S Verma | SL Verma | Shafali Verma | Y Verma
vihanga,D Vihanga | Sithum Vihanga
vijay,J Vijay | M Vijay | Samanvita Vijay | T Vijay
villiers,AB de Villiers | CJD de Villiers | JI de Villiers | JP de Villiers | M De Villiers | MK Villiers
vimukthi,AGC Vimukthi | KDV Vimukthi | N Vimukthi
vithanage,KDK Vithanage | SSL Vithanage | V Vithanage
vukusic,E Vukusic | ZXM Vukusic
wai,Pyae Phyo Wai | S Htet Wai
walker,E Walker | FL Walker | GL Walker | JG Walker | M Walker | MDJ Walker | R Walker | RI Walker
wallace,CD Wallace | JCL Wallace | MA Wallace
waller,MN Waller | MTC Waller
wangchuk,T Wangchuk | Tandin Wangchuk
wangmo,D Wangmo | Sangay Wangmo | Y Wangmo
wanniarachchi,K Wanniarachchi | WNK Wanniarachchi
warnakulasuriya,AS Warnakulasuriya | DKD Warnakulasuriya | SM Warnakulasuriya
wath,JJ van der Wath | Siddhesh Wath
watkins,AL Watkins | NAT Watkins | PJ Watkins
weerasinghe,G Weerasinghe | MPM Weerasinghe
wells,BJJ Wells | JW Wells | LWP Wells | SR Wells | TJ Wells
wijeratne,KLVD Wijeratne | SA Wijeratne
wijesinghe,C Wijesinghe | DSA Wijesinghe | DT Wijesinghe
wilson,BS Wilson | C Wilson | FC Wilson | GC Wilson | J Wilson | JW Wilson | Josh Wilson | R Wilson | T Wilson
win,PPS Win | SY Win | ZL Win
withanage,AS Withanage | Eshan Withanage
wood,CP Wood | JP Wood | L Wood | MA Wood | SB Wood | SKW Wood | TA Wood
wright,A Wright | AS Wright | BJ Wright | C Wright | CD Wright | CJC Wright | CM Wright | JJ Wright | LJ Wright | M Wright
wyatt,ACF Wyatt | DN Wyatt
wyk,CFK van Wyk | DJ van Wyk | MN van Wyk
yee,H Sin Yee | Siow Tzin Yee
young,BE Young | CA Young | D Young | KJ Young | NRJ Young | RA Young | SJ Young | WA Young
yousaf,Abdullah Mohd Yousaf | Farhan Yousaf | Imran Yousaf | M Yousaf | Sufyan Yousaf
zafar,Ayesha Zafar | Khawar Zafar | S Zafar | Saad Bin Zafar
zahir,Ammar Zahir | MZ Zahir
zaib,Amir Zaib | SA Zaib
zangmo,Dechen Zangmo | Sangay Zangmo | T Zangmo
zhou,C Zhou | Ying Zhou
zoysa,DNT Zoysa | HSM Zoysa | LA de Zoysa
zwilling,IJR Zwilling | M Zwilling
